{"cameraMode":{"drawMode":0,"name":"Shaded","section":"Shading Mode"},"sceneLighting":true,"audioPlay":false,"sceneViewState":{"showFog":true,"showMaterialUpdate":false,"showSkybox":true,"showFlares":true,"showImageEffects":true,"showParticleSystems":true},"in2DMode":false,"pivot":{"x":2445.537353515625,"y":54.63391876220703,"z":-11.426925659179688},"rotation":{"x":-0.3480583429336548,"y":-0.1701917052268982,"z":0.06442119926214218,"w":-0.9196413159370422},"size":167.72607421875,"orthographic":false}